Dataset,Agent,PSNR,SSIM,LPIPS,BPP
kodak,JPEG_Q30,27.916378232831278,0.8359306579115819,0.06329553574323654,1.013671875
kodak,JPEG_Q50,29.58855732938822,0.8826580366183115,0.027008378878235817,1.3653564453125
kodak,JPEG_Q70,31.20186505358007,0.9159362480765051,0.015324671752750874,1.8150634765625
kodak,JPEG_Q90,35.696153769978174,0.9676696439799392,0.004331545904278755,3.328369140625
kodak,PNG,inf,1.0,0.0,15.528076171875
kodak,WebP,31.62089277885777,0.9225124789064703,0.01755283586680889,1.169189453125
kodak,AE,14.825307530084185,0.2031508992584007,0.8451161980628967,64.0
kodak,VAE,14.355767273026903,0.16632711284044235,0.8426693677902222,256.0
kodak,NIC_Q1,24.67486091896278,0.6415998058873685,0.36880484223365784,1.29296875
kodak,NIC_Q3,27.206630851141746,0.7880091284669062,0.20002512633800507,3.1796875
kodak,NIC_Q5,30.572202704394307,0.8963838143145209,0.04794580861926079,7.5546875
kodak,ScaleHyperprior_q1,25.380310288310447,0.6815893215029408,0.3492814302444458,0.20361328125
kodak,ScaleHyperprior_q3,28.703649643925676,0.8416163644394007,0.1488140970468521,0.51708984375
kodak,ScaleHyperprior_q5,32.398354790166195,0.9317361373402641,0.022174550220370293,1.126953125
kodak,GAN,22.60247118478427,0.486482611259093,0.5343068838119507,6.0
kodak,SD_FP16,24.23198432218491,0.6542188686651412,0.058072589337825775,2.0
kodak,SD_INT8,18.933705094543214,0.40672668517825944,0.20383857190608978,0.5
kodak,JPEG_Q30,29.69579062988402,0.771156942771927,0.09906598925590515,0.537841796875
kodak,JPEG_Q50,30.77650745755458,0.8143459881904547,0.059974756091833115,0.7445068359375
kodak,JPEG_Q70,32.061580450682726,0.8445675043442322,0.03565797954797745,1.038818359375
kodak,JPEG_Q90,35.03086542642946,0.9151031193896019,0.008691963739693165,2.08154296875
kodak,PNG,inf,1.0,0.0,12.91845703125
kodak,WebP,32.24473709011331,0.8429430046994804,0.06527545303106308,0.437255859375
kodak,AE,10.40896383736563,0.3995243294053483,0.7962584495544434,64.0
kodak,VAE,10.098894236737195,0.25212837350480716,0.7386071681976318,256.0
kodak,NIC_Q1,28.277400049918885,0.7394393097089854,0.28164124488830566,0.890625
kodak,NIC_Q3,30.519146392595804,0.7968738027494094,0.1600947380065918,1.86328125
kodak,NIC_Q5,33.370029036359114,0.8621610297563782,0.08020901679992676,4.140625
kodak,ScaleHyperprior_q1,28.204146669475673,0.7376868791307195,0.3052884042263031,0.09912109375
kodak,ScaleHyperprior_q3,30.797054699434334,0.801295545899079,0.1758657842874527,0.22021484375
kodak,ScaleHyperprior_q5,33.69526528083143,0.8670388942043639,0.08605743944644928,0.51708984375
kodak,GAN,27.936349685663696,0.7495395478670345,0.3561946451663971,6.0
kodak,SD_FP16,29.32174526242337,0.7560955792772516,0.04407691955566406,2.0
kodak,SD_INT8,20.125333270467873,0.5424552069690126,0.18868188560009003,0.5
kodak,JPEG_Q30,30.638998814198118,0.856391097766947,0.05973740667104721,0.622314453125
kodak,JPEG_Q50,32.05549695002057,0.88600931892671,0.03614184260368347,0.832275390625
kodak,JPEG_Q70,33.39533326748824,0.9122498659622872,0.019791217520833015,1.1259765625
kodak,JPEG_Q90,36.88413739955412,0.9541536794102173,0.006073621101677418,2.1038818359375
kodak,PNG,inf,1.0,0.0,12.3126220703125
kodak,WebP,33.23269254626488,0.9090327116150023,0.03398500382900238,0.5263671875
kodak,AE,12.983459128665832,0.4941729655998464,0.7078757286071777,64.0
kodak,VAE,12.611151358687426,0.36753644861414697,0.6989743709564209,256.0
kodak,NIC_Q1,29.274260782707096,0.824751937404424,0.19437275826931,0.859375
kodak,NIC_Q3,31.8187217579519,0.8780175525492814,0.12998704612255096,1.80859375
kodak,NIC_Q5,34.43011521832012,0.9240829550078372,0.05660431459546089,3.875
kodak,ScaleHyperprior_q1,29.164037599408196,0.8216814493096841,0.20190969109535217,0.10107421875
kodak,ScaleHyperprior_q3,32.08656955079756,0.879613350593441,0.1249312236905098,0.2265625
kodak,ScaleHyperprior_q5,35.269768154897434,0.9325625198313418,0.051281288266181946,0.50439453125
kodak,GAN,27.766494702798884,0.8117114885421618,0.2886276841163635,6.0
kodak,SD_FP16,29.96287986042825,0.849050751393197,0.021146444603800774,2.0
kodak,SD_INT8,19.74347581380745,0.6686228344068995,0.17426951229572296,0.5
kodak,JPEG_Q30,30.08502608389318,0.8278803278617186,0.08656042814254761,0.68212890625
kodak,JPEG_Q50,31.35942587037675,0.8617107620608345,0.04376624524593353,0.93017578125
kodak,JPEG_Q70,32.62977468606194,0.8898101157094721,0.02510199137032032,1.2506103515625
kodak,JPEG_Q90,35.895649901538775,0.9423846135888835,0.006815056316554546,2.36572265625
kodak,PNG,inf,1.0,0.0,14.004150390625
kodak,WebP,32.252313792615496,0.8772906264427786,0.05337732657790184,0.658935546875
kodak,AE,12.837085119955521,0.3975754088946148,0.799718976020813,64.0
kodak,VAE,12.578896816423066,0.28394205203271167,0.7604924440383911,256.0
kodak,NIC_Q1,27.523861700760076,0.7531505762835216,0.26740944385528564,0.9296875
kodak,NIC_Q3,30.25209225684959,0.8150538210051291,0.18985673785209656,1.9921875
kodak,NIC_Q5,32.89152005771585,0.8841446194257306,0.08681142330169678,4.46484375
kodak,ScaleHyperprior_q1,28.0722127501884,0.7601345818892846,0.26347866654396057,0.11865234375
kodak,ScaleHyperprior_q3,30.717883428958558,0.8252481640267787,0.17877589166164398,0.26171875
kodak,ScaleHyperprior_q5,33.77345584240773,0.8985055613828057,0.07564752548933029,0.611328125
kodak,GAN,26.326401864604293,0.7496756367923284,0.34374698996543884,6.0
kodak,SD_FP16,27.44735616957188,0.7606637014963539,0.046173740178346634,2.0
kodak,SD_INT8,20.740214810045266,0.5670368133408255,0.19695279002189636,0.5
kodak,JPEG_Q30,25.588893217620118,0.8435183628842983,0.07058978825807571,1.23974609375
kodak,JPEG_Q50,27.0440643854787,0.8839314105395871,0.037752021104097366,1.6851806640625
kodak,JPEG_Q70,28.756097059184395,0.9174798720360607,0.020502803847193718,2.279541015625
kodak,JPEG_Q90,33.017585684726164,0.9649281581960464,0.007341182325035334,4.0809326171875
kodak,PNG,inf,1.0,0.0,18.0926513671875
kodak,WebP,29.59123038395788,0.9296003869318749,0.035166963934898376,1.662109375
kodak,AE,11.459081309370147,0.12217692688733119,0.7557708024978638,64.0
kodak,VAE,11.20876900313249,0.11208526651786677,0.7228636741638184,256.0
kodak,NIC_Q1,22.09619030734961,0.6349571931264886,0.28871941566467285,1.7265625
kodak,NIC_Q3,24.64293147941669,0.7850014786046476,0.15899191796779633,4.16015625
kodak,NIC_Q5,27.787536603674216,0.8947531325367915,0.04704032465815544,9.30078125
kodak,ScaleHyperprior_q1,23.164813841080928,0.7062951354060418,0.2509094178676605,0.27490234375
kodak,ScaleHyperprior_q3,26.691610618988562,0.8549541253700932,0.09577826410531998,0.70654296875
kodak,ScaleHyperprior_q5,30.13604701651946,0.9337107427451957,0.02101094275712967,1.39794921875
kodak,GAN,20.566917510393118,0.5246760721634518,0.44577720761299133,6.0
kodak,SD_FP16,20.71133147767783,0.5748194602276747,0.10451237857341766,2.0
kodak,SD_INT8,17.0434519466028,0.40569034832188605,0.23950617015361786,0.5
kodak,JPEG_Q30,29.1734959498684,0.8271727846293638,0.10156183689832687,0.7830810546875
kodak,JPEG_Q50,30.57955174913012,0.8707219729393826,0.06024058908224106,1.0616455078125
kodak,JPEG_Q70,32.19363460812651,0.9061236245783467,0.03292965143918991,1.44775390625
kodak,JPEG_Q90,36.46809789509335,0.958368691958935,0.009872437454760075,2.69287109375
kodak,PNG,inf,1.0,0.0,14.506591796875
kodak,WebP,32.15415900320377,0.8993556309902315,0.05281870812177658,0.90673828125
kodak,AE,12.720293731251228,0.3854396308430639,0.7134299278259277,64.0
kodak,VAE,12.495609219514057,0.25088118372970974,0.723088800907135,256.0
kodak,NIC_Q1,26.07576051550984,0.6339447176395222,0.42850321531295776,0.95703125
kodak,NIC_Q3,28.136347598950376,0.7509568295580245,0.27714958786964417,2.36328125
kodak,NIC_Q5,31.011837112955728,0.8681554917097257,0.1010507121682167,5.75
kodak,ScaleHyperprior_q1,26.592551262741452,0.6593132895346328,0.4124300479888916,0.130859375
kodak,ScaleHyperprior_q3,29.43846820261106,0.7906572439967924,0.22100870311260223,0.349609375
kodak,ScaleHyperprior_q5,33.00080171798114,0.9026570339038531,0.07978618890047073,0.80224609375
kodak,GAN,24.309320210236848,0.6022111680138184,0.4820817708969116,6.0
kodak,SD_FP16,24.711399576361327,0.6220692885751952,0.06457778811454773,2.0
kodak,SD_INT8,16.771567717817042,0.42387396416561757,0.24739961326122284,0.5
kodak,JPEG_Q30,29.064034467879342,0.8892475979492306,0.055382393300533295,0.845947265625
kodak,JPEG_Q50,30.529120868441222,0.9177082894396821,0.03213223069906235,1.12158203125
kodak,JPEG_Q70,31.956821773778202,0.9370035637416742,0.018972815945744514,1.4793701171875
kodak,JPEG_Q90,35.65671626000323,0.968503516322269,0.005705478135496378,2.654296875
kodak,PNG,inf,1.0,0.0,13.505859375
kodak,WebP,31.881740100189738,0.9384743712827802,0.02930862456560135,0.8525390625
kodak,AE,14.369678023666097,0.3536571496315051,0.7526757717132568,64.0
kodak,VAE,13.929614899984886,0.24756905272033977,0.7548428773880005,256.0
kodak,NIC_Q1,25.35316175686144,0.7598816234120286,0.252593457698822,1.265625
kodak,NIC_Q3,28.735037558715554,0.8839254479923039,0.10979212820529938,2.91796875
kodak,NIC_Q5,32.165200078318236,0.9449716475052886,0.03224920481443405,6.0390625
kodak,ScaleHyperprior_q1,26.420656484932927,0.8052641942242521,0.21586693823337555,0.18798828125
kodak,ScaleHyperprior_q3,30.013233740795904,0.9051893969652033,0.09471319615840912,0.41552734375
kodak,ScaleHyperprior_q5,33.58212947046259,0.9545824302966133,0.03154057636857033,0.82177734375
kodak,GAN,23.623810432078063,0.6612863462234023,0.44109150767326355,6.0
kodak,SD_FP16,24.92376101002567,0.8035912821853829,0.05691267177462578,2.0
kodak,SD_INT8,19.50434449645647,0.5469392702844743,0.2664908468723297,0.5
kodak,JPEG_Q30,26.551057562218343,0.8846343665233324,0.0497049018740654,1.202392578125
kodak,JPEG_Q50,28.320313983524983,0.9160908961014632,0.027737105265259743,1.6011962890625
kodak,JPEG_Q70,30.120966354423985,0.9405341746565746,0.014378217980265617,2.13134765625
kodak,JPEG_Q90,34.409226528383925,0.9743861209644756,0.005047264508903027,3.7320556640625
kodak,PNG,inf,1.0,0.0,16.2513427734375
kodak,WebP,30.7197393730651,0.9479120318036519,0.02246209606528282,1.49951171875
kodak,AE,12.787306003304062,0.16131628887073332,0.8339322805404663,64.0
kodak,VAE,12.659215165192183,0.12946273276755788,0.816249668598175,256.0
kodak,NIC_Q1,21.921580435722866,0.7180552010430082,0.3012894093990326,1.83203125
kodak,NIC_Q3,24.99698165452694,0.8414495501783706,0.15116813778877258,4.08203125
kodak,NIC_Q5,28.58573080732633,0.9194780898985356,0.045868001878261566,8.8203125
kodak,ScaleHyperprior_q1,23.681913170942316,0.7871510745196596,0.22389745712280273,0.2919921875
kodak,ScaleHyperprior_q3,27.4513129741092,0.8910686988895119,0.08688165247440338,0.6748046875
kodak,ScaleHyperprior_q5,31.036425876991288,0.943932378390409,0.025740545243024826,1.3037109375
kodak,GAN,18.918509019757938,0.5113919721518724,0.5463833808898926,6.0
kodak,SD_FP16,20.735006251958964,0.6878037736970186,0.08110931515693665,2.0
kodak,SD_INT8,16.285616194340744,0.4529704648261809,0.2756127119064331,0.5
kodak,JPEG_Q30,30.842896358460997,0.8902825775825538,0.043348342180252075,0.6671142578125
kodak,JPEG_Q50,32.35301634408546,0.9177230580509663,0.0235502477735281,0.87158203125
kodak,JPEG_Q70,34.071659765275314,0.9398297507413518,0.01289066206663847,1.142333984375
kodak,JPEG_Q90,37.78873426050315,0.9681639374887897,0.0038365814834833145,2.0205078125
kodak,PNG,inf,1.0,0.0,11.977783203125
kodak,WebP,33.61087005930975,0.9326660002828898,0.02745799720287323,0.580322265625
kodak,AE,16.734866811188102,0.5458320368058064,0.6264044046401978,64.0
kodak,VAE,16.386971835444044,0.34387943932974246,0.6314835548400879,256.0
kodak,NIC_Q1,27.875172099502855,0.8293119197326567,0.17551866173744202,0.984375
kodak,NIC_Q3,30.760784648508583,0.8991487679040739,0.09855400025844574,2.1171875
kodak,NIC_Q5,34.33836513240405,0.9484064944223443,0.02943945862352848,4.35546875
kodak,ScaleHyperprior_q1,28.335303236764084,0.8401488096915996,0.17546942830085754,0.13037109375
kodak,ScaleHyperprior_q3,31.97957784617674,0.9139298902655616,0.08254443854093552,0.27783203125
kodak,ScaleHyperprior_q5,35.68214388478131,0.9559479235852741,0.025785965844988823,0.5478515625
kodak,GAN,25.018298900738216,0.7609788538178693,0.3555091917514801,6.0
kodak,SD_FP16,27.638446867913792,0.8472984022651029,0.028141845017671585,2.0
kodak,SD_INT8,20.19033914545243,0.6554962521122566,0.17927677929401398,0.5
kodak,JPEG_Q30,30.66405247079695,0.872158775266424,0.07433786243200302,0.70263671875
kodak,JPEG_Q50,32.15651098436116,0.9049919216283898,0.043895967304706573,0.9351806640625
kodak,JPEG_Q70,33.80147734987529,0.9284968669822486,0.021684177219867706,1.25732421875
kodak,JPEG_Q90,37.5758535268058,0.9639000229579023,0.007121346425265074,2.2933349609375
kodak,PNG,inf,1.0,0.0,12.7645263671875
kodak,WebP,33.420683493596655,0.9212789618364491,0.04520239308476448,0.677734375
kodak,AE,16.36580559883158,0.4748918898480759,0.7012372016906738,64.0
kodak,VAE,15.950460978167648,0.33473246428437725,0.6961685419082642,256.0
kodak,NIC_Q1,27.746426998151982,0.7728461144125568,0.3175966441631317,0.92578125
kodak,NIC_Q3,30.388638029297287,0.8655956439121932,0.1570391207933426,2.1484375
kodak,NIC_Q5,33.637960775399065,0.9316325178111228,0.052613817155361176,4.6171875
kodak,ScaleHyperprior_q1,27.93696797445035,0.7770387289875776,0.322710782289505,0.1240234375
kodak,ScaleHyperprior_q3,31.251399523685674,0.8760939471095662,0.14561252295970917,0.28955078125
kodak,ScaleHyperprior_q5,34.65184928334381,0.936116368709036,0.05773754417896271,0.60498046875
kodak,GAN,25.72560781893829,0.7347565422970822,0.4434465169906616,6.0
kodak,SD_FP16,27.2439991690361,0.8176289048271194,0.050488073378801346,2.0
kodak,SD_INT8,20.729914649068682,0.5827717857416714,0.24110400676727295,0.5
kodak,JPEG_Q30,29.227235281977137,0.8338862987122929,0.09096848219633102,0.7733154296875
kodak,JPEG_Q50,30.757810792971018,0.8751943358699842,0.05320838838815689,1.060302734375
kodak,JPEG_Q70,32.30770765630195,0.9060775933888339,0.027944602072238922,1.431884765625
kodak,JPEG_Q90,36.11016510997666,0.9536023196610905,0.008416980504989624,2.632568359375
kodak,PNG,inf,1.0,0.0,13.8458251953125
kodak,WebP,32.069240046385225,0.8945122495767878,0.04547986015677452,0.802978515625
kodak,AE,12.961741214550987,0.3573155049724808,0.7006275653839111,64.0
kodak,VAE,12.62985101974058,0.2720363650644871,0.6957619190216064,256.0
kodak,NIC_Q1,26.57951719401205,0.7173048162748742,0.3308117389678955,1.03125
kodak,NIC_Q3,28.974364142523257,0.8059343841657789,0.2296290546655655,2.390625
kodak,NIC_Q5,31.92587928829676,0.8879739505070838,0.0956362634897232,5.4140625
kodak,ScaleHyperprior_q1,27.02793997159205,0.7304074260651964,0.32533103227615356,0.13671875
kodak,ScaleHyperprior_q3,29.97707213605358,0.82314465134487,0.20086133480072021,0.33251953125
kodak,ScaleHyperprior_q5,33.22625205009674,0.900676740603553,0.09101156890392303,0.74609375
kodak,GAN,24.66690841009926,0.6621884681050056,0.42229464650154114,6.0
kodak,SD_FP16,25.31213221468212,0.7049813869989938,0.06377827376127243,2.0
kodak,SD_INT8,19.276438335792434,0.5191169706908988,0.16777299344539642,0.5
kodak,JPEG_Q30,31.45093648651325,0.8512427767168808,0.07327970117330551,0.6087646484375
kodak,JPEG_Q50,33.03692163481141,0.8871399235189285,0.03678954392671585,0.81689453125
kodak,JPEG_Q70,34.45164641167568,0.9140565419672276,0.02240907773375511,1.10107421875
kodak,JPEG_Q90,37.866751296001866,0.9538784957593931,0.0057266331277787685,2.047119140625
kodak,PNG,inf,1.0,0.0,12.4248046875
kodak,WebP,33.7337889118436,0.8922619450544608,0.05200742930173874,0.47412109375
kodak,AE,13.485022497421276,0.5685727549768917,0.6344349384307861,64.0
kodak,VAE,13.345696764162938,0.320555255848068,0.6587846875190735,256.0
kodak,NIC_Q1,29.171028385783565,0.7878482603134008,0.28136950731277466,0.86328125
kodak,NIC_Q3,31.76955708316659,0.8396270584757265,0.18702039122581482,1.80859375
kodak,NIC_Q5,34.567622440085124,0.9010793567526276,0.08195735514163971,3.9296875
kodak,ScaleHyperprior_q1,29.46413401029083,0.7898747450749815,0.27971118688583374,0.103515625
kodak,ScaleHyperprior_q3,32.192698530919735,0.842249254468017,0.1944534033536911,0.21240234375
kodak,ScaleHyperprior_q5,35.091832631465394,0.90095006473154,0.09030699729919434,0.462890625
kodak,GAN,25.472550759267207,0.7694702763985357,0.3731580972671509,6.0
kodak,SD_FP16,28.88968960087933,0.7932797849613228,0.036608804017305374,2.0
kodak,SD_INT8,17.816278906770012,0.6026304908014316,0.22886274755001068,0.5
kodak,JPEG_Q30,26.462703557788302,0.8182622230649766,0.13492876291275024,1.0889892578125
kodak,JPEG_Q50,27.903018561306425,0.8616512959175288,0.07175502181053162,1.498779296875
kodak,JPEG_Q70,29.661050019208382,0.8990461658642518,0.03796873614192009,2.058349609375
kodak,JPEG_Q90,34.459150758761965,0.9581090529160545,0.01386395376175642,3.8055419921875
kodak,PNG,inf,1.0,0.0,17.8782958984375
kodak,WebP,30.4242716152231,0.9146100095555499,0.06240766495466232,1.5732421875
kodak,AE,12.731282515763432,0.17620898562449852,0.8567979335784912,64.0
kodak,VAE,12.409488100773627,0.15491042316234113,0.8382687568664551,256.0
kodak,NIC_Q1,22.926961916355143,0.5639953748991944,0.54376220703125,1.359375
kodak,NIC_Q3,25.014936460597976,0.7194897739739822,0.3459453284740448,3.42578125
kodak,NIC_Q5,27.838309155201195,0.8559929212726267,0.11577071249485016,8.40234375
kodak,ScaleHyperprior_q1,23.855408707828612,0.6216920170823846,0.5128479599952698,0.216796875
kodak,ScaleHyperprior_q3,26.925947124011664,0.7945549704394262,0.2570929527282715,0.587890625
kodak,ScaleHyperprior_q5,30.23604255852915,0.9056406118000867,0.050178587436676025,1.25439453125
kodak,GAN,21.69966697563929,0.496275491199492,0.6058609485626221,6.0
kodak,SD_FP16,21.212489148013432,0.4878370763297788,0.11995948851108551,2.0
kodak,SD_INT8,17.67430465221598,0.30760970161439577,0.35313040018081665,0.5
kodak,JPEG_Q30,26.71092530648016,0.8208879656339726,0.10027390718460083,0.9755859375
kodak,JPEG_Q50,27.87000432806158,0.8599725999803947,0.05674252286553383,1.3289794921875
kodak,JPEG_Q70,29.201894875098926,0.8932262234246315,0.030747242271900177,1.8077392578125
kodak,JPEG_Q90,32.76993126686895,0.9479321634935473,0.01065092533826828,3.3970947265625
kodak,PNG,inf,1.0,0.0,16.3863525390625
kodak,WebP,29.66294852324328,0.8954061082382334,0.03846411779522896,1.236083984375
kodak,AE,11.908825556956158,0.20594623651794955,0.7788047790527344,64.0
kodak,VAE,11.606785169690728,0.17474363227816583,0.7583790421485901,256.0
kodak,NIC_Q1,23.821181950856356,0.6265247604493237,0.41921329498291016,1.28515625
kodak,NIC_Q3,26.19380093362941,0.7675460812080788,0.2639423906803131,3.1484375
kodak,NIC_Q5,28.999319346703135,0.878627191947032,0.08097466081380844,7.23828125
kodak,ScaleHyperprior_q1,24.56430368427824,0.6575293155309867,0.4087735414505005,0.18896484375
kodak,ScaleHyperprior_q3,27.607762235217482,0.8081730550237828,0.21211612224578857,0.4794921875
kodak,ScaleHyperprior_q5,30.695897433314045,0.9068465708713211,0.05573021247982979,1.04833984375
kodak,GAN,23.35560907154798,0.6069125291150476,0.4597269892692566,6.0
kodak,SD_FP16,22.579719574531666,0.5856777130346268,0.08468715101480484,2.0
kodak,SD_INT8,18.461184025691516,0.40753327549632107,0.22242537140846252,0.5
kodak,JPEG_Q30,30.235655201529287,0.8516375296763741,0.0720321387052536,0.6824951171875
kodak,JPEG_Q50,31.61599221577339,0.8830442201089289,0.03744548559188843,0.9229736328125
kodak,JPEG_Q70,33.14048750120341,0.9070925186191928,0.018710996955633163,1.2222900390625
kodak,JPEG_Q90,36.225021868963225,0.9471697610169354,0.005321809556335211,2.23779296875
kodak,PNG,inf,1.0,0.0,12.4964599609375
kodak,WebP,32.80957561754954,0.9023776417829414,0.04004374518990517,0.5615234375
kodak,AE,9.495996888450565,0.387966302419314,0.7411518692970276,64.0
kodak,VAE,9.391957021516953,0.24634089741175635,0.7216567397117615,256.0
kodak,NIC_Q1,28.43752829165382,0.8260836797846309,0.1837778240442276,1.0234375
kodak,NIC_Q3,31.03673036155335,0.8788469149051017,0.1242603212594986,2.03515625
kodak,NIC_Q5,33.5119315595253,0.9166327801777969,0.07045886665582657,4.18359375
kodak,ScaleHyperprior_q1,28.677221764582946,0.8322401248688283,0.19380158185958862,0.126953125
kodak,ScaleHyperprior_q3,31.388104964732854,0.882862435838244,0.12757886946201324,0.2529296875
kodak,ScaleHyperprior_q5,34.170048027963695,0.9237178818749898,0.06292162835597992,0.53369140625
kodak,GAN,23.879874900603735,0.7915343893941071,0.32424861192703247,6.0
kodak,SD_FP16,28.473389523724016,0.8265914897657508,0.03281467407941818,2.0
kodak,SD_INT8,18.02213810879211,0.6527110003403034,0.16453874111175537,0.5
kodak,JPEG_Q30,31.628570819743572,0.8439464871273751,0.11129990220069885,0.6298828125
kodak,JPEG_Q50,32.99068325116427,0.8807311791009078,0.05986912548542023,0.8570556640625
kodak,JPEG_Q70,34.428878367933876,0.9117366623737294,0.03241390734910965,1.170654296875
kodak,JPEG_Q90,38.19752191056325,0.9573590058039367,0.009080502204596996,2.229248046875
kodak,PNG,inf,1.0,0.0,12.9730224609375
kodak,WebP,33.44100053272562,0.8889865322815317,0.05417118966579437,0.625
kodak,AE,14.06076398279648,0.46976819293835015,0.6208549737930298,64.0
kodak,VAE,13.71915181781215,0.34735967660387207,0.6241523027420044,256.0
kodak,NIC_Q1,29.05218326754146,0.7081982109430475,0.35390353202819824,0.74609375
kodak,NIC_Q3,31.138609067785627,0.7944104443171813,0.25138914585113525,1.7109375
kodak,NIC_Q5,33.79263763479525,0.8847200242144839,0.11139775812625885,4.15234375
kodak,ScaleHyperprior_q1,28.86795921005534,0.7031642840967836,0.37313684821128845,0.08056640625
kodak,ScaleHyperprior_q3,31.43352519450935,0.8052656236607788,0.24789708852767944,0.20361328125
kodak,ScaleHyperprior_q5,34.66699885040281,0.9004309928157279,0.09812689572572708,0.53173828125
kodak,GAN,28.74222591407602,0.7205386823574007,0.37391895055770874,6.0
kodak,SD_FP16,28.778828306377157,0.7166678608296609,0.04128303751349449,2.0
kodak,SD_INT8,19.791021678053117,0.5453411111928247,0.19082042574882507,0.5
kodak,JPEG_Q30,30.87455012986244,0.8917177855610231,0.06802576780319214,0.7869873046875
kodak,JPEG_Q50,32.46508542981954,0.922003852052331,0.0391136072576046,1.043701171875
kodak,JPEG_Q70,34.10894044981829,0.9441174510624218,0.01976400427520275,1.3861083984375
kodak,JPEG_Q90,38.042711701207395,0.9727253385349742,0.005741587374359369,2.4954833984375
kodak,PNG,inf,1.0,0.0,13.863037109375
kodak,WebP,33.38796751704177,0.9263382532494663,0.047959037125110626,0.73828125
kodak,AE,11.006008521441938,0.24070030014667418,0.7153391242027283,64.0
kodak,VAE,10.797225692689281,0.20860413363852895,0.6936018466949463,256.0
kodak,NIC_Q1,27.3564595229426,0.7632320550340315,0.2522715628147125,1.03125
kodak,NIC_Q3,29.993917483602072,0.8578809336633695,0.14434628188610077,2.29296875
kodak,NIC_Q5,33.36589404582472,0.9303269720111581,0.05482025071978569,4.9375
kodak,ScaleHyperprior_q1,27.62773790873837,0.7730282213904068,0.24876254796981812,0.13623046875
kodak,ScaleHyperprior_q3,30.875746067029944,0.8731463502353275,0.13241760432720184,0.314453125
kodak,ScaleHyperprior_q5,34.43042048159582,0.9381910916251558,0.04965005815029144,0.6513671875
kodak,GAN,25.23603722520633,0.714253152205504,0.4004210829734802,6.0
kodak,SD_FP16,26.77195688286007,0.7765453572745571,0.049864400178194046,2.0
kodak,SD_INT8,20.531653355291894,0.5657524626626361,0.20448967814445496,0.5
kodak,JPEG_Q30,27.79390837182668,0.8159966232609358,0.10189017653465271,0.92333984375
kodak,JPEG_Q50,29.138866078004963,0.8590625878662893,0.055469948798418045,1.2635498046875
kodak,JPEG_Q70,30.62267506397032,0.8935597637749465,0.03264196962118149,1.7135009765625
kodak,JPEG_Q90,34.322535386158044,0.9470452173333723,0.011275971308350563,3.2076416015625
kodak,PNG,inf,1.0,0.0,16.472900390625
kodak,WebP,30.50445985737894,0.8921928497147324,0.05746036767959595,1.150634765625
kodak,AE,10.749481040613952,0.23114737342286773,0.7869262099266052,64.0
kodak,VAE,10.486008023648951,0.204120365486513,0.7631388902664185,256.0
kodak,NIC_Q1,24.83689848137991,0.6228703038180877,0.41418883204460144,1.09765625
kodak,NIC_Q3,27.067896422422816,0.7641969453246563,0.24789229035377502,2.85546875
kodak,NIC_Q5,29.94614149153842,0.8774862860072409,0.07545159012079239,6.82421875
kodak,ScaleHyperprior_q1,25.310973805506233,0.6430441491650274,0.41332414746284485,0.15771484375
kodak,ScaleHyperprior_q3,28.342504890057562,0.8063514752551884,0.20396465063095093,0.44287109375
kodak,ScaleHyperprior_q5,31.760925227625233,0.9107810561153094,0.04636476933956146,1.0078125
kodak,GAN,24.112605876334015,0.6017262608809243,0.49646836519241333,6.0
kodak,SD_FP16,23.57902273168257,0.597452791639522,0.07902689278125763,2.0
kodak,SD_INT8,19.680550640511154,0.4351332903825436,0.22430956363677979,0.5
kodak,JPEG_Q30,30.216070270161985,0.86522316390647,0.07580026239156723,0.7354736328125
kodak,JPEG_Q50,31.88565355586075,0.8998476903789974,0.043748512864112854,1.0010986328125
kodak,JPEG_Q70,33.62036340542624,0.9259814914804947,0.02311617322266102,1.338134765625
kodak,JPEG_Q90,37.41133662764053,0.9619853788383214,0.006654628552496433,2.45751953125
kodak,PNG,inf,1.0,0.0,13.815673828125
kodak,WebP,32.90716359611716,0.9035812308800161,0.04945705085992813,0.774169921875
kodak,AE,14.032798437886456,0.4151024768553156,0.7139010429382324,64.0
kodak,VAE,13.72654602725801,0.2962167252371733,0.7136669754981995,256.0
kodak,NIC_Q1,25.93883629370422,0.7178135683470437,0.32540807127952576,0.96875
kodak,NIC_Q3,28.554305191705666,0.8036902884067144,0.19366727769374847,2.2109375
kodak,NIC_Q5,32.16165462537257,0.8967518760722742,0.07684238255023956,5.00390625
kodak,ScaleHyperprior_q1,27.02869982609802,0.7340102261262055,0.2973417043685913,0.130859375
kodak,ScaleHyperprior_q3,30.35528919268515,0.8255592924133753,0.1644982099533081,0.31103515625
kodak,ScaleHyperprior_q5,33.977403993516745,0.9167514797724171,0.0693611428141594,0.6630859375
kodak,GAN,23.468548316736374,0.6821375719858264,0.43886256217956543,6.0
kodak,SD_FP16,25.88505460896068,0.7575894530108237,0.047292016446590424,2.0
kodak,SD_INT8,18.20923101930964,0.5596128895551963,0.21749281883239746,0.5
kodak,JPEG_Q30,30.861515099585706,0.9015069799644734,0.04673006385564804,0.61572265625
kodak,JPEG_Q50,32.409150818614194,0.9234735999493285,0.025486664846539497,0.8006591796875
kodak,JPEG_Q70,33.97298361102723,0.9409183596748827,0.012979968450963497,1.0426025390625
kodak,JPEG_Q90,37.65762743266722,0.9677544589530963,0.004205453675240278,1.86328125
kodak,PNG,inf,1.0,0.0,10.5390625
kodak,WebP,33.638862894703756,0.932544578637612,0.027920443564653397,0.529541015625
kodak,AE,8.328606289891304,0.4890420367231288,0.603890597820282,64.0
kodak,VAE,8.366783229067535,0.21504304226702867,0.6227143406867981,256.0
kodak,NIC_Q1,28.33026152037221,0.8483643935712717,0.1662607192993164,0.94140625
kodak,NIC_Q3,30.886868084364796,0.8969970435924681,0.10534916073083878,1.96484375
kodak,NIC_Q5,33.90960167911937,0.9404529477379926,0.04377768933773041,4.1328125
kodak,ScaleHyperprior_q1,28.869077057278396,0.8574644123116623,0.15525700151920319,0.1201171875
kodak,ScaleHyperprior_q3,31.912016667684597,0.9065703192475748,0.09394707530736923,0.2470703125
kodak,ScaleHyperprior_q5,35.2329809461817,0.9479289356321021,0.03750068321824074,0.5
kodak,GAN,24.887728333004368,0.8060422001307413,0.29550135135650635,6.0
kodak,SD_FP16,27.762786100652065,0.8444535631115269,0.031058069318532944,2.0
kodak,SD_INT8,15.434746999287924,0.6644634019916457,0.18639788031578064,0.5
kodak,JPEG_Q30,29.079094414250406,0.8798197374538206,0.08498221635818481,0.7760009765625
kodak,JPEG_Q50,30.515141817954383,0.9079583991834115,0.0482807420194149,1.02978515625
kodak,JPEG_Q70,32.170780158806366,0.9311556744569683,0.02414734475314617,1.3963623046875
kodak,JPEG_Q90,36.57799843845653,0.9648016730385985,0.0076266443356871605,2.554443359375
kodak,PNG,inf,1.0,0.0,14.240966796875
kodak,WebP,32.03546557785238,0.9269260080687177,0.040742386132478714,0.859130859375
kodak,AE,14.988823164557708,0.4560928085939316,0.6636571884155273,64.0
kodak,VAE,14.674389090272948,0.3081186234779218,0.6593683958053589,256.0
kodak,NIC_Q1,25.506145692879493,0.758538405198309,0.3033176362514496,1.09375
kodak,NIC_Q3,28.071672526585,0.8530642017177129,0.1673128306865692,2.60546875
kodak,NIC_Q5,31.263754109454776,0.9232618142681379,0.04927835240960121,5.83984375
kodak,ScaleHyperprior_q1,26.38824196056411,0.7909739462688671,0.2723366320133209,0.15771484375
kodak,ScaleHyperprior_q3,29.815614318208993,0.8866103957332881,0.11345919221639633,0.384765625
kodak,ScaleHyperprior_q5,33.38958275869917,0.9422411775320593,0.033627986907958984,0.78759765625
kodak,GAN,24.03925755408586,0.7130318246042125,0.39937451481819153,6.0
kodak,SD_FP16,23.94924571743946,0.7281001852016091,0.06199567764997482,2.0
kodak,SD_INT8,18.330961137707316,0.5641646629232966,0.2268567830324173,0.5
kodak,JPEG_Q30,29.362722837917534,0.8111275819019488,0.10366947203874588,0.7310791015625
kodak,JPEG_Q50,30.667128362315456,0.8526214720266809,0.06053908169269562,1.0108642578125
kodak,JPEG_Q70,32.01843734231773,0.8856165295035016,0.029779089614748955,1.39306640625
kodak,JPEG_Q90,35.23103865401315,0.9394946730346555,0.010025477036833763,2.6636962890625
kodak,PNG,inf,1.0,0.0,14.8018798828125
kodak,WebP,31.451355926325757,0.8686866796329111,0.04944145306944847,0.783935546875
kodak,AE,13.987641534104274,0.38410054369246227,0.7568569183349609,64.0
kodak,VAE,13.625504755567132,0.28118336255756565,0.7587277889251709,256.0
kodak,NIC_Q1,26.882898746855442,0.6665989575392447,0.37649258971214294,0.9296875
kodak,NIC_Q3,29.124032027316936,0.7701983622487071,0.24547457695007324,2.21484375
kodak,NIC_Q5,31.791242098566318,0.8681244042324089,0.09868717193603516,5.2890625
kodak,ScaleHyperprior_q1,27.055735288748252,0.6718873626461054,0.377623975276947,0.123046875
kodak,ScaleHyperprior_q3,29.72853832259398,0.7872392409579172,0.2382083684206009,0.3125
kodak,ScaleHyperprior_q5,32.86527920885205,0.8883411461234374,0.07839971035718918,0.75439453125
kodak,GAN,26.38434661705968,0.6675284478998441,0.4528030753135681,6.0
kodak,SD_FP16,26.55065946317589,0.6630787783429617,0.06755953282117844,2.0
kodak,SD_INT8,20.832390882890166,0.4707137432428825,0.23985230922698975,0.5
kodak,JPEG_Q30,30.10131625712774,0.8649895580401199,0.051756877452135086,0.648681640625
kodak,JPEG_Q50,31.67088070522388,0.899391541499095,0.028397640213370323,0.865966796875
kodak,JPEG_Q70,33.33627072557596,0.9251381979330563,0.01605949178338051,1.1466064453125
kodak,JPEG_Q90,36.54680165099638,0.9589818877815408,0.004842487163841724,2.056640625
kodak,PNG,inf,1.0,0.0,12.5269775390625
kodak,WebP,33.03870206490756,0.9151295100768407,0.033845048397779465,0.588134765625
kodak,AE,11.991692962507072,0.42313528010039897,0.7860571146011353,64.0
kodak,VAE,11.680546770924863,0.3243659776616885,0.7778149247169495,256.0
kodak,NIC_Q1,27.361985455470705,0.8098893912073218,0.18012087047100067,0.9765625
kodak,NIC_Q3,29.847691245300624,0.8757201796758577,0.09657806903123856,2.02734375
kodak,NIC_Q5,33.05258969149948,0.931382709802053,0.037107035517692566,4.171875
kodak,ScaleHyperprior_q1,27.863872096215502,0.815174991702047,0.1697092354297638,0.125
kodak,ScaleHyperprior_q3,31.228341093349204,0.8889074682322461,0.08411704003810883,0.26220703125
kodak,ScaleHyperprior_q5,34.54688795007245,0.9392370861318069,0.034275900572538376,0.5
kodak,GAN,26.773129386501896,0.8437666543431671,0.2554563581943512,6.0
kodak,SD_FP16,27.62481033270197,0.8421099181475217,0.03303607553243637,2.0
kodak,SD_INT8,18.53998017775754,0.6333110449356169,0.22897468507289886,0.5
kodak,JPEG_Q30,27.998498877500566,0.8460123355575716,0.09446471184492111,0.9014892578125
kodak,JPEG_Q50,29.42055557510065,0.8838961025438884,0.04995545744895935,1.243408203125
kodak,JPEG_Q70,31.09799699501493,0.9158490036862291,0.027611402794718742,1.69091796875
kodak,JPEG_Q90,35.08781215569127,0.9609233630462787,0.008802776224911213,3.1160888671875
kodak,PNG,inf,1.0,0.0,15.2720947265625
kodak,WebP,31.257442412948947,0.915705539569387,0.04048296809196472,1.100341796875
kodak,AE,12.929761384233062,0.264685697721633,0.7763063311576843,64.0
kodak,VAE,12.672960894797516,0.21461039172657856,0.7601900100708008,256.0
kodak,NIC_Q1,25.16011078753238,0.6802520644478451,0.36667877435684204,1.16015625
kodak,NIC_Q3,27.248333166123327,0.8019728673884431,0.2330625355243683,2.7734375
kodak,NIC_Q5,29.71009591091732,0.8946615919841214,0.08225028961896896,6.5078125
kodak,ScaleHyperprior_q1,25.497254779124937,0.6969375724324799,0.3586631417274475,0.1689453125
kodak,ScaleHyperprior_q3,28.237189503760245,0.8304410927541511,0.19596531987190247,0.44580078125
kodak,ScaleHyperprior_q5,31.570544014579532,0.9197184716511315,0.05769505724310875,0.9755859375
kodak,GAN,23.824713419836606,0.6267601609880794,0.5090579986572266,6.0
kodak,SD_FP16,23.969185931410376,0.6672840530158659,0.08623170107603073,2.0
kodak,SD_INT8,18.7303630045508,0.4524721182766669,0.2840081453323364,0.5
